Id_Buses,04-04-2022,05-04-2022,06-04-2022,07-04-2022,08-04-2022,09-04-2022,10-04-2022,11-04-2022,12-04-2022,13-04-2022,14-04-2022,15-04-2022,16-04-2022,17-04-2022,18-04-2022,19-04-2022,20-04-2022,21-04-2022,22-04-2022,23-04-2022,24-04-2022,25-04-2022,26-04-2022,27-04-2022,28-04-2022
Z67026,Sin Registro,Sin Registro,Sin Registro,Sin Registro,Dato correcto,Dato correcto,Dato correcto,Dato correcto,Dato correcto,Dato correcto,Dato correcto,Dato correcto,Dato correcto,Dato correcto,Dato correcto,Dato correcto,Dato correcto,Dato correcto,Dato correcto,Dato correcto,Dato correcto,Dato correcto,Dato correcto,Dato correcto,Dato correcto
Z630005,Sin Registro,Sin datos,Sin Registro,Sin Registro,Sin Registro,Sin Registro,Sin Registro,Sin Registro,Dato irregular,Sin Registro,Sin Registro,Sin Registro,Sin Registro,Sin Registro,Sin Registro,Sin Registro,Sin Registro,Sin Registro,Dato correcto,Dato correcto,Dato irregular,Dato correcto,Dato correcto,Dato correcto,Dato correcto
Z634005,Sin Registro,Sin Registro,Sin Registro,Sin Registro,Sin Registro,Sin Registro,Sin Registro,Sin Registro,Sin Registro,Dato correcto,Dato correcto,Dato correcto,Dato correcto,Dato correcto,Dato correcto,Dato correcto,Dato correcto,Dato correcto,Dato correcto,Dato correcto,Dato correcto,Dato correcto,Dato correcto,Dato correcto,Dato correcto
Z634008,Sin Registro,Sin Registro,Sin Registro,Sin Registro,Sin Registro,Sin Registro,Sin Registro,Sin Registro,Sin Registro,Sin Registro,Sin Registro,Sin Registro,Sin Registro,Sin Registro,Sin Registro,Sin Registro,Sin Registro,Sin Registro,Sin Registro,Sin Registro,Sin Registro,Sin Registro,Dato correcto,Dato correcto,Sin Registro
Z634010,Sin Registro,Sin Registro,Sin Registro,Sin Registro,Sin Registro,Sin Registro,Sin Registro,Sin Registro,Dato correcto,Dato correcto,Dato correcto,Dato correcto,Dato correcto,Sin Registro,Dato correcto,Sin Registro,Sin Registro,Dato correcto,Dato correcto,Dato correcto,Dato correcto,Dato correcto,Dato correcto,Dato correcto,Dato correcto
Z634016,Sin Registro,Sin Registro,Sin Registro,Sin Registro,Sin Registro,Sin Registro,Sin Registro,Sin Registro,Sin Registro,Dato correcto,Dato correcto,Sin Registro,Dato correcto,Dato correcto,Dato correcto,Dato correcto,Dato correcto,Dato correcto,Dato correcto,Dato correcto,Dato correcto,Dato correcto,Dato correcto,Dato correcto,Sin Registro
Z634022,Sin Registro,Sin Registro,Sin Registro,Sin Registro,Sin Registro,Sin Registro,Sin Registro,Sin Registro,Sin Registro,Sin Registro,Sin Registro,Sin Registro,Sin Registro,Sin Registro,Sin Registro,Sin Registro,Dato correcto,Dato correcto,Dato correcto,Dato correcto,Dato correcto,Dato correcto,Dato correcto,Dato correcto,Dato correcto
Z634025,Sin Registro,Sin Registro,Sin Registro,Sin Registro,Sin Registro,Sin Registro,Sin Registro,Sin Registro,Sin Registro,Sin Registro,Sin Registro,Sin Registro,Sin Registro,Sin Registro,Sin Registro,Sin Registro,Dato correcto,Dato correcto,Dato correcto,Dato correcto,Dato correcto,Dato correcto,Dato correcto,Dato correcto,Dato correcto
Z634027,Sin Registro,Sin Registro,Sin Registro,Sin Registro,Sin Registro,Sin Registro,Sin Registro,Sin Registro,Sin Registro,Sin Registro,Sin Registro,Sin Registro,Sin Registro,Sin Registro,Sin Registro,Sin Registro,Dato correcto,Dato correcto,Dato correcto,Dato correcto,Dato correcto,Dato correcto,Dato correcto,Dato correcto,Dato correcto
Z634028,Sin Registro,Sin Registro,Sin Registro,Sin Registro,Sin Registro,Sin Registro,Sin Registro,Sin Registro,Dato correcto,Dato correcto,Dato correcto,Dato correcto,Dato correcto,Dato correcto,Dato correcto,Dato correcto,Dato correcto,Dato correcto,Dato correcto,Dato correcto,Dato correcto,Dato correcto,Dato correcto,Dato correcto,Dato correcto
Z634029,Sin Registro,Sin Registro,Sin Registro,Sin Registro,Sin Registro,Sin Registro,Sin Registro,Sin Registro,Sin Registro,Dato correcto,Dato correcto,Dato correcto,Dato correcto,Dato correcto,Dato correcto,Dato correcto,Dato correcto,Sin Registro,Dato correcto,Dato correcto,Dato correcto,Dato correcto,Dato correcto,Dato correcto,Dato correcto
Z634031,Sin Registro,Sin Registro,Sin Registro,Sin Registro,Sin Registro,Sin Registro,Sin Registro,Sin Registro,Sin Registro,Sin Registro,Sin Registro,Sin Registro,Sin Registro,Sin Registro,Sin Registro,Sin Registro,Dato correcto,Sin Registro,Dato correcto,Dato correcto,Dato correcto,Dato correcto,Dato correcto,Dato correcto,Sin Registro
Z634032,Sin Registro,Sin Registro,Sin Registro,Sin Registro,Sin Registro,Sin Registro,Sin Registro,Sin Registro,Dato correcto,Sin Registro,Sin Registro,Sin Registro,Sin Registro,Sin Registro,Sin Registro,Sin Registro,Sin Registro,Sin Registro,Sin Registro,Sin Registro,Sin Registro,Sin Registro,Sin Registro,Sin Registro,Sin Registro
Z634034,Sin Registro,Sin Registro,Sin Registro,Sin Registro,Sin Registro,Sin Registro,Sin Registro,Sin Registro,Sin Registro,Sin Registro,Sin Registro,Sin Registro,Sin Registro,Sin Registro,Sin Registro,Sin Registro,Sin Registro,Sin Registro,Sin Registro,Sin Registro,Sin Registro,Sin Registro,Sin Registro,Sin Registro,Dato correcto
Z634036,Sin Registro,Sin Registro,Sin Registro,Sin Registro,Sin Registro,Sin Registro,Sin Registro,Sin Registro,Sin Registro,Sin Registro,Sin Registro,Sin Registro,Sin Registro,Sin Registro,Sin Registro,Sin Registro,Sin Registro,Sin datos,Sin Registro,Sin Registro,Sin Registro,Sin Registro,Sin Registro,Sin Registro,Sin Registro
Z634037,Sin Registro,Sin Registro,Sin Registro,Sin Registro,Sin Registro,Sin Registro,Sin Registro,Dato correcto,Dato correcto,Dato correcto,Dato correcto,Dato correcto,Dato correcto,Sin Registro,Dato correcto,Dato correcto,Dato correcto,Dato correcto,Dato correcto,Dato correcto,Dato correcto,Dato correcto,Dato correcto,Dato correcto,Dato correcto
Z634041,Sin Registro,Sin Registro,Sin Registro,Sin Registro,Sin Registro,Sin Registro,Sin Registro,Sin Registro,Sin datos,Sin Registro,Sin Registro,Sin Registro,Sin Registro,Sin Registro,Sin Registro,Sin Registro,Sin Registro,Sin Registro,Sin Registro,Sin Registro,Sin Registro,Sin Registro,Sin Registro,Sin Registro,Sin Registro
Z634042,Sin Registro,Sin Registro,Sin Registro,Sin Registro,Sin Registro,Sin Registro,Sin Registro,Sin Registro,Dato correcto,Dato correcto,Dato correcto,Dato correcto,Dato correcto,Dato correcto,Dato correcto,Dato correcto,Dato correcto,Dato correcto,Dato correcto,Dato correcto,Dato correcto,Dato correcto,Dato correcto,Dato correcto,Dato correcto
Z634044,Sin Registro,Sin Registro,Sin Registro,Sin Registro,Sin Registro,Sin Registro,Sin Registro,Sin Registro,Sin Registro,Dato correcto,Sin Registro,Sin Registro,Sin Registro,Sin Registro,Sin Registro,Sin Registro,Sin Registro,Sin Registro,Sin Registro,Sin Registro,Sin Registro,Sin Registro,Sin Registro,Sin Registro,Sin Registro
Z634046,Sin Registro,Sin Registro,Sin Registro,Sin Registro,Sin Registro,Sin Registro,Sin Registro,Sin Registro,Sin Registro,Sin Registro,Sin Registro,Sin Registro,Sin Registro,Dato correcto,Dato correcto,Dato correcto,Dato correcto,Dato correcto,Dato correcto,Dato correcto,Dato correcto,Dato correcto,Dato correcto,Dato correcto,Dato correcto
Z634049,Sin Registro,Sin Registro,Sin Registro,Sin Registro,Sin Registro,Sin Registro,Sin Registro,Sin Registro,Sin Registro,Dato correcto,Dato correcto,Dato correcto,Dato correcto,Dato correcto,Dato correcto,Dato correcto,Sin Registro,Sin Registro,Dato correcto,Dato correcto,Dato correcto,Dato correcto,Dato correcto,Dato correcto,Dato correcto
Z634050,Sin Registro,Sin Registro,Sin Registro,Sin Registro,Sin Registro,Sin Registro,Sin Registro,Sin Registro,Sin datos,Sin Registro,Sin Registro,Sin Registro,Sin Registro,Sin Registro,Sin Registro,Sin Registro,Sin Registro,Sin Registro,Sin Registro,Sin Registro,Sin Registro,Sin Registro,Sin Registro,Sin Registro,Sin Registro
Z634053,Sin Registro,Sin Registro,Sin Registro,Sin Registro,Sin Registro,Sin Registro,Sin Registro,Sin Registro,Sin Registro,Sin Registro,Sin Registro,Sin Registro,Dato irregular,Sin Registro,Sin Registro,Sin Registro,Sin Registro,Sin Registro,Sin Registro,Sin Registro,Sin Registro,Sin Registro,Sin Registro,Sin Registro,Sin Registro
Z634055,Sin Registro,Sin Registro,Sin Registro,Sin Registro,Sin Registro,Sin Registro,Sin Registro,Sin Registro,Sin Registro,Sin Registro,Sin Registro,Sin Registro,Sin Registro,Dato correcto,Dato correcto,Dato correcto,Dato correcto,Dato correcto,Dato correcto,Dato correcto,Dato correcto,Dato correcto,Dato correcto,Dato correcto,Dato correcto
Z634056,Sin Registro,Sin Registro,Sin Registro,Sin Registro,Sin Registro,Sin Registro,Sin Registro,Sin Registro,Sin Registro,Sin Registro,Sin Registro,Sin datos,Dato irregular,Dato irregular,Sin Registro,Sin Registro,Sin Registro,Sin Registro,Sin Registro,Sin Registro,Sin Registro,Sin Registro,Sin Registro,Sin Registro,Sin Registro
Z634057,Sin Registro,Sin Registro,Sin Registro,Sin Registro,Sin Registro,Sin Registro,Sin Registro,Sin Registro,Sin Registro,Dato correcto,Sin Registro,Sin Registro,Sin Registro,Sin Registro,Sin Registro,Sin Registro,Sin Registro,Sin Registro,Sin Registro,Sin Registro,Sin Registro,Sin Registro,Sin Registro,Sin Registro,Sin Registro
Z634059,Sin Registro,Sin Registro,Sin Registro,Sin Registro,Sin Registro,Sin Registro,Sin Registro,Sin Registro,Sin Registro,Sin Registro,Sin Registro,Sin Registro,Sin Registro,Sin Registro,Sin Registro,Sin Registro,Dato correcto,Dato correcto,Dato correcto,Dato correcto,Dato correcto,Dato correcto,Dato correcto,Dato correcto,Dato correcto
Z634060,Sin Registro,Sin Registro,Sin Registro,Sin Registro,Sin Registro,Sin Registro,Sin Registro,Sin Registro,Dato correcto,Dato correcto,Dato correcto,Dato correcto,Dato correcto,Dato correcto,Dato correcto,Sin Registro,Sin Registro,Dato correcto,Dato correcto,Dato correcto,Dato correcto,Dato correcto,Dato correcto,Dato correcto,Dato correcto
Z634062,Sin Registro,Sin Registro,Sin Registro,Sin Registro,Sin Registro,Sin Registro,Sin Registro,Sin Registro,Sin datos,Sin Registro,Sin Registro,Sin Registro,Sin Registro,Sin Registro,Sin Registro,Sin Registro,Sin Registro,Sin Registro,Sin Registro,Sin Registro,Sin Registro,Sin Registro,Sin Registro,Sin Registro,Sin Registro
Z634064,Sin Registro,Sin Registro,Sin Registro,Sin Registro,Sin Registro,Sin Registro,Sin Registro,Sin Registro,Sin Registro,Sin Registro,Sin Registro,Sin Registro,Sin Registro,Sin Registro,Sin Registro,Sin Registro,Dato correcto,Dato correcto,Dato correcto,Dato correcto,Sin Registro,Dato correcto,Dato correcto,Dato correcto,Dato correcto
Z634070,Sin Registro,Sin Registro,Sin Registro,Sin Registro,Sin Registro,Sin Registro,Sin Registro,Sin Registro,Sin Registro,Sin Registro,Sin Registro,Sin Registro,Sin Registro,Sin Registro,Dato correcto,Dato correcto,Dato correcto,Dato correcto,Dato correcto,Dato correcto,Dato correcto,Dato correcto,Dato correcto,Dato correcto,Dato correcto
Z634073,Sin Registro,Sin Registro,Sin Registro,Sin Registro,Sin Registro,Sin Registro,Sin Registro,Sin Registro,Sin Registro,Sin Registro,Sin Registro,Sin Registro,Sin Registro,Sin Registro,Sin Registro,Sin Registro,Sin Registro,Dato correcto,Dato correcto,Sin Registro,Sin Registro,Sin Registro,Sin Registro,Sin Registro,Sin Registro
Z634077,Sin Registro,Sin Registro,Sin Registro,Sin Registro,Sin Registro,Sin Registro,Sin Registro,Sin Registro,Sin Registro,Sin Registro,Sin Registro,Sin Registro,Dato correcto,Dato correcto,Dato correcto,Dato correcto,Dato correcto,Sin Registro,Dato correcto,Dato correcto,Dato correcto,Dato correcto,Sin Registro,Sin Registro,Dato correcto
Z634080,Sin Registro,Sin Registro,Sin Registro,Sin Registro,Sin Registro,Sin Registro,Sin Registro,Sin Registro,Dato correcto,Dato correcto,Dato correcto,Dato correcto,Dato correcto,Dato correcto,Sin Registro,Dato correcto,Dato correcto,Dato correcto,Dato correcto,Dato correcto,Dato correcto,Dato correcto,Dato correcto,Dato correcto,Dato correcto
Z634083,Sin Registro,Sin Registro,Sin Registro,Sin Registro,Sin Registro,Sin Registro,Sin Registro,Sin Registro,Dato correcto,Dato correcto,Dato correcto,Dato correcto,Dato correcto,Sin Registro,Dato correcto,Sin Registro,Dato correcto,Dato correcto,Dato correcto,Dato correcto,Dato correcto,Dato correcto,Dato correcto,Dato correcto,Dato correcto
Z634086,Sin Registro,Sin Registro,Sin Registro,Sin Registro,Sin Registro,Sin Registro,Sin Registro,Sin Registro,Sin Registro,Sin Registro,Sin Registro,Sin Registro,Sin Registro,Sin Registro,Sin Registro,Sin Registro,Dato correcto,Dato correcto,Dato correcto,Dato correcto,Dato correcto,Dato correcto,Dato correcto,Dato correcto,Dato correcto
Z634087,Sin Registro,Sin Registro,Sin Registro,Sin Registro,Sin Registro,Sin Registro,Sin Registro,Sin Registro,Sin Registro,Dato correcto,Dato correcto,Dato irregular,Dato irregular,Dato correcto,Dato correcto,Dato correcto,Dato correcto,Sin Registro,Dato correcto,Dato irregular,Dato correcto,Dato correcto,Dato correcto,Dato correcto,Dato correcto
Z634088,Sin Registro,Sin Registro,Sin Registro,Sin Registro,Sin Registro,Sin Registro,Sin Registro,Sin Registro,Sin Registro,Sin Registro,Sin Registro,Sin Registro,Sin Registro,Sin Registro,Sin Registro,Sin Registro,Sin Registro,Sin Registro,Sin Registro,Sin Registro,Sin Registro,Sin Registro,Sin Registro,Dato correcto,Dato correcto
Z634090,Sin Registro,Sin Registro,Sin Registro,Sin Registro,Sin Registro,Sin Registro,Sin Registro,Sin Registro,Sin datos,Sin Registro,Sin Registro,Sin Registro,Sin Registro,Sin Registro,Sin Registro,Sin Registro,Sin Registro,Sin Registro,Sin Registro,Sin Registro,Sin Registro,Sin Registro,Sin Registro,Sin Registro,Sin Registro
Z634092,Sin datos,Sin datos,Sin datos,Sin datos,Sin datos,Sin Registro,Sin Registro,Sin Registro,Sin Registro,Sin Registro,Sin Registro,Sin Registro,Sin Registro,Sin Registro,Sin Registro,Sin Registro,Sin Registro,Sin Registro,Sin Registro,Sin Registro,Sin Registro,Sin Registro,Sin Registro,Sin Registro,Sin Registro
Z634097,Sin Registro,Sin Registro,Sin Registro,Sin Registro,Sin Registro,Sin Registro,Sin Registro,Sin Registro,Sin Registro,Dato correcto,Dato correcto,Dato correcto,Dato correcto,Dato correcto,Dato correcto,Dato correcto,Sin Registro,Dato correcto,Dato correcto,Dato correcto,Sin Registro,Dato correcto,Dato correcto,Dato correcto,Dato correcto
Z634098,Sin Registro,Sin Registro,Sin Registro,Sin Registro,Sin Registro,Sin Registro,Sin Registro,Sin Registro,Sin Registro,Sin Registro,Sin Registro,Sin Registro,Dato correcto,Sin Registro,Dato correcto,Dato correcto,Dato correcto,Dato correcto,Dato correcto,Dato correcto,Dato correcto,Dato correcto,Sin datos,Sin Registro,Sin Registro
Z634103,Sin Registro,Sin Registro,Sin Registro,Sin Registro,Sin Registro,Sin Registro,Sin Registro,Sin Registro,Sin Registro,Dato correcto,Dato correcto,Dato correcto,Dato correcto,Dato correcto,Dato correcto,Dato correcto,Dato correcto,Sin Registro,Dato correcto,Dato correcto,Dato correcto,Dato correcto,Dato correcto,Dato correcto,Dato correcto
Z634105,Sin Registro,Sin Registro,Sin Registro,Sin Registro,Sin Registro,Sin Registro,Sin Registro,Sin Registro,Dato correcto,Dato correcto,Dato correcto,Dato correcto,Dato correcto,Dato correcto,Dato correcto,Dato correcto,Dato correcto,Dato correcto,Dato correcto,Dato correcto,Dato correcto,Dato correcto,Dato correcto,Sin Registro,Sin Registro
Z634106,Sin Registro,Sin Registro,Sin Registro,Sin Registro,Sin Registro,Sin Registro,Sin Registro,Sin Registro,Sin Registro,Sin Registro,Sin Registro,Sin Registro,Sin Registro,Sin Registro,Sin Registro,Sin Registro,Sin Registro,Sin Registro,Sin Registro,Sin Registro,Sin Registro,Sin Registro,Sin Registro,Sin Registro,Dato correcto
Z634108,Sin Registro,Sin Registro,Sin Registro,Sin Registro,Sin Registro,Sin Registro,Sin Registro,Sin Registro,Sin Registro,Dato correcto,Dato correcto,Dato correcto,Dato correcto,Dato correcto,Dato correcto,Sin Registro,Dato correcto,Dato correcto,Dato correcto,Dato correcto,Dato correcto,Dato correcto,Dato correcto,Dato correcto,Dato correcto
Z634112,Sin Registro,Sin Registro,Sin Registro,Sin Registro,Sin Registro,Sin Registro,Sin Registro,Sin Registro,Sin Registro,Sin Registro,Sin Registro,Sin Registro,Sin Registro,Sin Registro,Sin Registro,Sin Registro,Dato correcto,Dato correcto,Dato correcto,Dato correcto,Sin Registro,Dato correcto,Dato correcto,Dato correcto,Sin Registro
Z634113,Sin datos,Sin datos,Sin datos,Sin datos,Sin datos,Sin datos,Sin datos,Sin Registro,Sin Registro,Sin datos,Sin datos,Sin datos,Sin datos,Sin datos,Sin datos,Sin datos,Sin datos,Sin datos,Sin datos,Sin datos,Sin datos,Sin datos,Sin datos,Sin datos,Sin datos
Z634115,Sin Registro,Sin Registro,Sin Registro,Sin Registro,Sin Registro,Sin Registro,Sin Registro,Sin Registro,Sin Registro,Sin Registro,Sin Registro,Sin Registro,Dato correcto,Sin Registro,Dato correcto,Dato correcto,Dato correcto,Sin Registro,Dato correcto,Dato correcto,Dato correcto,Dato correcto,Dato correcto,Dato correcto,Dato correcto
Z634117,Sin Registro,Sin Registro,Sin Registro,Sin Registro,Dato correcto,Dato correcto,Dato correcto,Dato correcto,Dato correcto,Dato correcto,Dato correcto,Dato correcto,Dato correcto,Dato correcto,Dato correcto,Dato correcto,Dato correcto,Dato correcto,Dato correcto,Dato correcto,Dato correcto,Dato correcto,Dato correcto,Dato correcto,Dato correcto
Z634121,Sin Registro,Sin Registro,Sin Registro,Sin Registro,Sin Registro,Sin Registro,Sin Registro,Sin Registro,Dato correcto,Dato correcto,Dato correcto,Sin Registro,Sin Registro,Dato correcto,Dato correcto,Dato correcto,Dato correcto,Dato correcto,Sin Registro,Sin Registro,Sin Registro,Sin Registro,Sin Registro,Sin Registro,Sin Registro
Z634124,Sin Registro,Sin Registro,Sin Registro,Sin Registro,Sin Registro,Sin Registro,Sin Registro,Sin Registro,Sin Registro,Sin Registro,Sin Registro,Sin Registro,Sin Registro,Sin Registro,Sin Registro,Sin Registro,Dato correcto,Dato correcto,Dato correcto,Dato correcto,Dato correcto,Dato correcto,Dato correcto,Dato correcto,Dato correcto
Z637001,Sin Registro,Sin Registro,Sin Registro,Sin Registro,Sin Registro,Sin Registro,Sin Registro,Sin Registro,Sin Registro,Sin Registro,Sin Registro,Sin Registro,Sin Registro,Sin Registro,Sin Registro,Sin Registro,Sin Registro,Sin Registro,Dato correcto,Dato correcto,Dato correcto,Dato correcto,Dato correcto,Dato correcto,Dato correcto
Z637002,Sin Registro,Sin Registro,Sin Registro,Sin Registro,Sin Registro,Sin Registro,Sin Registro,Sin Registro,Sin Registro,Sin Registro,Sin Registro,Sin Registro,Sin Registro,Sin Registro,Sin Registro,Dato correcto,Dato correcto,Sin Registro,Sin Registro,Sin Registro,Sin Registro,Sin Registro,Sin Registro,Sin Registro,Sin Registro
Z637004,Sin Registro,Sin Registro,Sin Registro,Sin Registro,Sin Registro,Sin Registro,Sin Registro,Sin Registro,Sin Registro,Sin Registro,Sin Registro,Sin Registro,Sin Registro,Sin Registro,Sin Registro,Sin Registro,Sin Registro,Sin Registro,Sin Registro,Sin Registro,Dato correcto,Dato correcto,Sin Registro,Sin Registro,Sin Registro
Z637006,Sin Registro,Sin Registro,Sin Registro,Sin Registro,Sin Registro,Sin Registro,Sin Registro,Sin Registro,Sin Registro,Sin Registro,Sin Registro,Sin Registro,Sin Registro,Sin Registro,Sin Registro,Dato correcto,Dato correcto,Sin Registro,Sin Registro,Sin Registro,Sin Registro,Sin Registro,Sin Registro,Sin Registro,Sin Registro
Z637009,Sin Registro,Sin Registro,Sin Registro,Sin Registro,Sin Registro,Sin Registro,Sin Registro,Sin Registro,Sin Registro,Sin Registro,Sin Registro,Sin Registro,Sin Registro,Sin Registro,Sin Registro,Sin Registro,Dato correcto,Dato correcto,Dato correcto,Dato correcto,Dato correcto,Dato correcto,Dato correcto,Dato correcto,Dato correcto
Z637014,Sin Registro,Sin Registro,Sin Registro,Sin Registro,Sin Registro,Sin Registro,Sin Registro,Sin Registro,Sin Registro,Sin Registro,Sin Registro,Sin Registro,Sin Registro,Sin Registro,Sin Registro,Sin Registro,Sin Registro,Sin Registro,Sin Registro,Sin Registro,Sin Registro,Sin Registro,Sin Registro,Sin Registro,Dato correcto
Z637017,Sin Registro,Sin Registro,Sin Registro,Sin Registro,Sin Registro,Sin Registro,Sin Registro,Sin Registro,Sin Registro,Sin Registro,Sin datos,Sin Registro,Sin Registro,Sin Registro,Sin Registro,Sin Registro,Sin Registro,Sin Registro,Sin Registro,Sin Registro,Sin Registro,Sin Registro,Sin Registro,Sin Registro,Sin Registro
Z637020,Sin Registro,Sin Registro,Sin Registro,Sin Registro,Sin Registro,Sin Registro,Sin Registro,Sin Registro,Sin Registro,Sin Registro,Sin Registro,Sin Registro,Sin Registro,Sin Registro,Sin Registro,Sin datos,Sin Registro,Sin Registro,Sin Registro,Sin Registro,Sin Registro,Sin Registro,Sin Registro,Sin Registro,Sin Registro
Z637023,Sin Registro,Sin Registro,Sin Registro,Sin Registro,Sin Registro,Sin Registro,Sin Registro,Sin Registro,Sin Registro,Sin Registro,Sin Registro,Sin Registro,Sin Registro,Sin Registro,Sin Registro,Sin Registro,Sin datos,Sin Registro,Sin Registro,Sin Registro,Sin Registro,Sin Registro,Sin Registro,Sin Registro,Sin Registro
Z637024,Sin Registro,Sin Registro,Sin Registro,Sin Registro,Sin Registro,Sin Registro,Sin Registro,Sin Registro,Sin Registro,Sin Registro,Sin Registro,Sin Registro,Sin Registro,Sin Registro,Sin Registro,Sin Registro,Sin Registro,Sin Registro,Sin Registro,Sin Registro,Sin Registro,Dato correcto,Dato correcto,Dato correcto,Sin Registro
Z637025,Sin Registro,Sin Registro,Sin Registro,Sin Registro,Sin Registro,Sin Registro,Sin Registro,Sin Registro,Sin Registro,Sin Registro,Sin Registro,Sin Registro,Sin Registro,Sin Registro,Sin Registro,Sin Registro,Sin Registro,Sin Registro,Sin Registro,Dato correcto,Dato correcto,Dato correcto,Dato correcto,Dato correcto,Dato correcto
Z637030,Sin Registro,Sin Registro,Sin Registro,Sin Registro,Sin Registro,Sin Registro,Sin Registro,Sin Registro,Sin Registro,Sin Registro,Sin Registro,Sin Registro,Sin Registro,Sin Registro,Sin Registro,Sin Registro,Sin Registro,Dato correcto,Dato correcto,Dato correcto,Dato correcto,Dato correcto,Dato correcto,Dato correcto,Sin Registro
Z637031,Sin Registro,Sin Registro,Sin Registro,Sin Registro,Sin Registro,Sin Registro,Sin Registro,Sin Registro,Sin Registro,Sin Registro,Sin Registro,Sin Registro,Sin Registro,Sin Registro,Sin Registro,Sin Registro,Sin Registro,Sin Registro,Sin Registro,Dato correcto,Sin Registro,Sin Registro,Sin Registro,Sin Registro,Sin Registro
Z637034,Sin Registro,Sin Registro,Sin Registro,Sin Registro,Sin Registro,Sin Registro,Sin Registro,Sin Registro,Sin Registro,Sin Registro,Sin Registro,Sin Registro,Sin Registro,Sin Registro,Sin Registro,Sin Registro,Sin Registro,Dato correcto,Dato correcto,Dato correcto,Dato correcto,Dato correcto,Dato correcto,Dato correcto,Dato correcto
Z637035,Sin Registro,Sin Registro,Sin Registro,Sin Registro,Sin Registro,Sin Registro,Sin Registro,Sin Registro,Sin Registro,Sin Registro,Sin Registro,Sin Registro,Sin Registro,Sin Registro,Sin Registro,Sin Registro,Sin Registro,Sin Registro,Sin Registro,Dato correcto,Dato correcto,Dato correcto,Dato correcto,Dato correcto,Sin Registro
Z637036,Sin Registro,Sin Registro,Sin Registro,Sin Registro,Sin Registro,Sin Registro,Sin Registro,Sin Registro,Sin Registro,Sin Registro,Sin Registro,Sin Registro,Sin Registro,Sin Registro,Sin Registro,Sin Registro,Sin Registro,Sin Registro,Sin Registro,Sin Registro,Sin Registro,Dato correcto,Dato correcto,Dato correcto,Dato correcto
Z637038,Sin Registro,Sin Registro,Sin Registro,Sin Registro,Sin Registro,Sin Registro,Sin Registro,Sin Registro,Sin Registro,Sin Registro,Dato correcto,Dato correcto,Dato correcto,Dato correcto,Dato correcto,Dato correcto,Dato correcto,Sin Registro,Sin Registro,Sin Registro,Sin Registro,Sin Registro,Sin Registro,Sin Registro,Sin Registro
Z637041,Sin Registro,Sin Registro,Sin Registro,Sin Registro,Sin Registro,Sin Registro,Sin Registro,Sin Registro,Sin Registro,Sin Registro,Sin Registro,Sin Registro,Sin Registro,Sin Registro,Sin Registro,Sin Registro,Sin Registro,Sin Registro,Sin Registro,Sin Registro,Sin Registro,Dato correcto,Sin Registro,Sin Registro,Sin Registro
Z637046,Sin Registro,Sin Registro,Sin Registro,Sin Registro,Sin Registro,Sin Registro,Sin Registro,Sin Registro,Sin Registro,Dato correcto,Dato correcto,Dato correcto,Dato correcto,Dato correcto,Dato correcto,Sin Registro,Dato correcto,Dato correcto,Dato correcto,Dato correcto,Dato correcto,Dato correcto,Dato correcto,Dato correcto,Dato correcto
Z637050,Sin Registro,Sin Registro,Sin Registro,Sin Registro,Sin Registro,Sin Registro,Sin Registro,Sin Registro,Sin Registro,Sin Registro,Sin Registro,Sin Registro,Sin Registro,Sin Registro,Sin Registro,Sin Registro,Dato correcto,Dato correcto,Dato correcto,Dato correcto,Dato correcto,Dato correcto,Dato correcto,Sin Registro,Sin Registro
Z637058,Sin Registro,Sin Registro,Sin Registro,Sin Registro,Sin Registro,Sin Registro,Sin Registro,Sin Registro,Sin Registro,Sin Registro,Sin Registro,Sin Registro,Sin Registro,Sin Registro,Sin Registro,Sin Registro,Sin Registro,Dato correcto,Dato correcto,Dato correcto,Dato correcto,Dato correcto,Dato correcto,Dato correcto,Sin Registro
Z637063,Sin Registro,Sin Registro,Sin Registro,Sin Registro,Sin Registro,Sin Registro,Sin Registro,Sin Registro,Sin Registro,Sin Registro,Dato correcto,Dato correcto,Dato correcto,Dato correcto,Sin Registro,Sin Registro,Sin Registro,Sin Registro,Dato correcto,Dato correcto,Dato correcto,Dato correcto,Dato correcto,Dato correcto,Dato correcto
Z674002,Dato correcto,Dato correcto,Dato correcto,Dato correcto,Dato correcto,Dato correcto,Dato correcto,Dato correcto,Sin Registro,Dato correcto,Dato correcto,Dato correcto,Dato correcto,Dato correcto,Dato correcto,Dato correcto,Dato correcto,Dato correcto,Dato correcto,Dato correcto,Dato correcto,Dato correcto,Dato correcto,Dato correcto,Dato correcto
Z674003,Sin Registro,Sin Registro,Sin Registro,Sin Registro,Sin Registro,Sin Registro,Sin Registro,Sin Registro,Sin Registro,Sin Registro,Dato correcto,Dato correcto,Dato correcto,Dato correcto,Dato correcto,Dato correcto,Dato correcto,Sin Registro,Dato correcto,Dato correcto,Dato correcto,Dato correcto,Dato correcto,Dato correcto,Dato correcto
Z674004,Sin Registro,Sin Registro,Sin datos,Sin datos,Sin datos,Sin Registro,Sin Registro,Sin Registro,Sin Registro,Sin Registro,Sin Registro,Sin Registro,Sin Registro,Sin Registro,Sin Registro,Sin Registro,Sin Registro,Sin Registro,Sin Registro,Sin Registro,Sin Registro,Sin Registro,Sin Registro,Sin Registro,Sin Registro
Z674005,Dato irregular,Dato irregular,Dato irregular,Sin datos,Dato irregular,Dato irregular,Sin Registro,Sin Registro,Sin Registro,Dato irregular,Dato irregular,Dato irregular,Dato correcto,Sin Registro,Sin Registro,Sin Registro,Sin Registro,Sin Registro,Sin Registro,Sin Registro,Sin Registro,Sin Registro,Sin Registro,Sin Registro,Sin Registro
Z674006,Dato correcto,Dato correcto,Dato correcto,Dato correcto,Dato correcto,Dato correcto,Dato correcto,Sin Registro,Sin Registro,Dato correcto,Dato correcto,Dato correcto,Dato correcto,Dato correcto,Dato correcto,Dato correcto,Dato correcto,Dato correcto,Dato correcto,Dato correcto,Dato correcto,Dato correcto,Dato correcto,Dato correcto,Dato correcto
Z674007,Dato correcto,Dato correcto,Dato correcto,Dato correcto,Dato correcto,Dato correcto,Dato correcto,Dato correcto,Dato correcto,Dato correcto,Dato correcto,Dato correcto,Dato correcto,Dato correcto,Dato correcto,Dato correcto,Dato correcto,Dato correcto,Dato correcto,Dato correcto,Dato correcto,Dato correcto,Dato correcto,Dato correcto,Dato correcto
Z674009,Dato irregular,Dato correcto,Dato correcto,Dato correcto,Dato correcto,Dato correcto,Dato correcto,Dato correcto,Dato correcto,Dato correcto,Dato correcto,Dato correcto,Dato correcto,Dato correcto,Dato correcto,Dato correcto,Dato correcto,Dato correcto,Dato correcto,Dato correcto,Dato correcto,Dato irregular,Dato correcto,Dato correcto,Dato correcto
Z674010,Sin Registro,Sin Registro,Sin Registro,Dato correcto,Dato correcto,Dato correcto,Dato correcto,Sin Registro,Sin Registro,Dato correcto,Dato correcto,Dato correcto,Dato correcto,Dato correcto,Dato correcto,Dato correcto,Dato correcto,Dato correcto,Dato correcto,Dato correcto,Dato correcto,Dato correcto,Dato correcto,Dato correcto,Dato correcto
Z674012,Dato correcto,Dato correcto,Dato correcto,Dato correcto,Dato correcto,Dato correcto,Dato correcto,Sin Registro,Sin Registro,Dato correcto,Dato correcto,Dato correcto,Dato correcto,Dato correcto,Dato correcto,Dato correcto,Dato correcto,Dato correcto,Dato correcto,Dato correcto,Dato correcto,Dato correcto,Dato correcto,Dato correcto,Dato correcto
Z674013,Dato correcto,Dato correcto,Dato correcto,Dato correcto,Dato correcto,Dato correcto,Dato correcto,Sin Registro,Sin Registro,Dato correcto,Dato correcto,Dato correcto,Dato correcto,Dato correcto,Dato correcto,Dato correcto,Dato correcto,Dato correcto,Dato correcto,Dato correcto,Dato correcto,Dato correcto,Dato correcto,Dato correcto,Dato correcto
Z674016,Dato correcto,Dato correcto,Dato correcto,Dato correcto,Dato correcto,Dato correcto,Dato correcto,Sin Registro,Sin Registro,Dato correcto,Dato correcto,Dato correcto,Dato correcto,Dato correcto,Dato correcto,Dato correcto,Dato correcto,Dato correcto,Dato correcto,Dato correcto,Dato correcto,Dato correcto,Dato correcto,Dato correcto,Dato correcto
Z674017,Sin Registro,Sin Registro,Sin Registro,Sin Registro,Sin Registro,Sin Registro,Sin Registro,Sin Registro,Sin Registro,Sin Registro,Sin Registro,Sin Registro,Sin Registro,Dato correcto,Dato correcto,Dato correcto,Dato correcto,Dato correcto,Dato correcto,Sin Registro,Sin Registro,Sin Registro,Dato correcto,Dato correcto,Dato correcto
Z674019,Sin Registro,Sin Registro,Sin Registro,Sin Registro,Dato correcto,Dato correcto,Dato correcto,Sin Registro,Sin Registro,Dato correcto,Dato correcto,Dato correcto,Dato correcto,Dato correcto,Dato correcto,Dato correcto,Dato correcto,Dato correcto,Dato correcto,Dato correcto,Dato correcto,Dato correcto,Dato correcto,Dato correcto,Dato correcto
Z674020,Sin Registro,Sin Registro,Sin Registro,Sin Registro,Sin Registro,Sin Registro,Sin Registro,Sin Registro,Sin Registro,Sin Registro,Sin Registro,Sin Registro,Sin Registro,Sin Registro,Sin Registro,Sin Registro,Sin Registro,Sin Registro,Sin Registro,Dato correcto,Dato correcto,Dato correcto,Dato correcto,Dato correcto,Dato correcto
Z674022,Dato correcto,Dato correcto,Dato correcto,Dato correcto,Dato correcto,Dato correcto,Dato correcto,Dato correcto,Dato correcto,Dato correcto,Dato correcto,Dato correcto,Dato correcto,Dato correcto,Dato irregular,Sin datos,Sin datos,Sin Registro,Sin Registro,Sin Registro,Sin Registro,Sin datos,Dato irregular,Dato correcto,Dato correcto
Z674023,Sin Registro,Dato correcto,Dato correcto,Dato correcto,Dato correcto,Dato correcto,Dato correcto,Dato correcto,Dato correcto,Dato correcto,Dato correcto,Dato correcto,Dato correcto,Dato correcto,Dato correcto,Dato correcto,Dato correcto,Dato correcto,Dato correcto,Dato correcto,Dato correcto,Dato correcto,Dato correcto,Dato correcto,Dato correcto
Z674024,Sin Registro,Dato correcto,Dato correcto,Dato correcto,Dato correcto,Dato correcto,Dato correcto,Dato correcto,Dato correcto,Dato correcto,Dato irregular,Dato correcto,Dato correcto,Dato correcto,Dato correcto,Dato correcto,Dato correcto,Dato correcto,Dato correcto,Dato correcto,Dato correcto,Dato correcto,Dato correcto,Dato correcto,Dato correcto
Z674025,Sin datos,Sin datos,Sin datos,Sin datos,Sin datos,Sin datos,Sin datos,Sin datos,Sin datos,Sin datos,Sin datos,Sin datos,Sin datos,Sin Registro,Sin Registro,Sin Registro,Sin Registro,Sin Registro,Sin Registro,Sin Registro,Sin Registro,Sin Registro,Sin Registro,Sin Registro,Sin Registro
Z674026,Dato correcto,Dato correcto,Dato correcto,Dato correcto,Dato correcto,Dato correcto,Dato correcto,Sin Registro,Dato correcto,Dato correcto,Dato correcto,Dato correcto,Dato correcto,Dato correcto,Dato correcto,Dato correcto,Dato correcto,Dato correcto,Dato correcto,Dato irregular,Dato correcto,Dato irregular,Dato correcto,Dato correcto,Dato correcto
Z674027,Dato correcto,Dato correcto,Dato correcto,Dato correcto,Dato correcto,Dato correcto,Dato correcto,Dato correcto,Dato correcto,Dato correcto,Dato correcto,Dato correcto,Dato correcto,Dato correcto,Dato correcto,Dato correcto,Dato correcto,Dato correcto,Dato correcto,Dato correcto,Dato correcto,Dato correcto,Dato correcto,Dato correcto,Dato correcto
Z674028,Sin Registro,Sin Registro,Sin datos,Sin Registro,Sin Registro,Sin Registro,Sin Registro,Sin Registro,Sin Registro,Sin Registro,Sin Registro,Sin Registro,Sin Registro,Sin Registro,Sin Registro,Sin Registro,Sin Registro,Sin Registro,Sin Registro,Sin Registro,Sin Registro,Sin Registro,Sin Registro,Sin Registro,Dato irregular
Z674029,Sin Registro,Sin Registro,Sin Registro,Sin Registro,Sin Registro,Sin Registro,Sin Registro,Sin Registro,Sin Registro,Dato correcto,Dato correcto,Dato correcto,Dato correcto,Dato correcto,Dato correcto,Dato correcto,Dato correcto,Dato correcto,Dato correcto,Dato correcto,Dato correcto,Dato correcto,Dato correcto,Sin Registro,Sin Registro
Z674031,Dato correcto,Dato correcto,Dato correcto,Dato correcto,Dato correcto,Dato correcto,Dato correcto,Dato correcto,Dato correcto,Dato correcto,Dato correcto,Dato correcto,Dato correcto,Dato correcto,Dato correcto,Dato correcto,Dato correcto,Dato correcto,Dato correcto,Dato correcto,Dato correcto,Dato correcto,Dato correcto,Dato correcto,Dato correcto
Z674032,Dato correcto,Dato correcto,Dato correcto,Dato correcto,Dato correcto,Dato correcto,Dato correcto,Dato correcto,Dato correcto,Dato correcto,Dato correcto,Dato correcto,Dato correcto,Dato correcto,Dato correcto,Dato correcto,Dato correcto,Dato correcto,Dato correcto,Dato correcto,Dato correcto,Dato correcto,Dato correcto,Dato correcto,Dato correcto
Z674033,Sin Registro,Sin Registro,Sin Registro,Sin Registro,Sin Registro,Sin Registro,Sin Registro,Sin Registro,Sin Registro,Sin Registro,Sin Registro,Sin Registro,Sin Registro,Sin Registro,Dato correcto,Dato correcto,Dato correcto,Sin Registro,Dato correcto,Dato correcto,Dato correcto,Dato correcto,Dato correcto,Dato correcto,Dato correcto
Z674034,Dato correcto,Dato correcto,Dato correcto,Dato correcto,Dato correcto,Dato correcto,Dato correcto,Dato correcto,Dato correcto,Dato correcto,Dato correcto,Dato correcto,Dato correcto,Dato correcto,Dato correcto,Dato correcto,Dato correcto,Sin Registro,Dato correcto,Dato correcto,Dato correcto,Dato correcto,Dato correcto,Dato correcto,Sin Registro
Z674037,Sin Registro,Sin Registro,Sin Registro,Dato correcto,Dato correcto,Dato correcto,Dato correcto,Sin Registro,Dato correcto,Dato correcto,Dato correcto,Sin Registro,Sin Registro,Sin Registro,Dato correcto,Dato correcto,Dato correcto,Sin Registro,Dato correcto,Dato correcto,Dato correcto,Dato correcto,Sin Registro,Dato correcto,Sin Registro
Z674038,Sin Registro,Sin Registro,Sin Registro,Sin Registro,Sin Registro,Sin Registro,Sin Registro,Sin Registro,Sin Registro,Sin Registro,Sin Registro,Dato correcto,Dato correcto,Dato correcto,Dato correcto,Dato correcto,Dato correcto,Dato correcto,Dato correcto,Dato correcto,Dato correcto,Dato correcto,Dato correcto,Dato correcto,Dato correcto
Z674041,Dato irregular,Dato irregular,Dato irregular,Dato correcto,Dato correcto,Dato correcto,Dato correcto,Sin Registro,Sin datos,Dato correcto,Dato correcto,Dato correcto,Dato correcto,Dato correcto,Dato correcto,Dato correcto,Dato correcto,Dato correcto,Dato correcto,Dato correcto,Dato correcto,Dato correcto,Dato correcto,Dato correcto,Dato correcto
Z674043,Dato correcto,Dato correcto,Dato correcto,Dato correcto,Dato correcto,Dato correcto,Dato correcto,Sin Registro,Sin Registro,Dato correcto,Dato correcto,Dato correcto,Dato correcto,Dato correcto,Dato correcto,Dato correcto,Dato correcto,Dato correcto,Dato correcto,Dato correcto,Dato correcto,Dato correcto,Dato correcto,Dato correcto,Dato correcto
Z674045,Sin Registro,Sin Registro,Sin Registro,Sin Registro,Dato correcto,Dato correcto,Dato correcto,Dato correcto,Dato correcto,Dato correcto,Dato correcto,Dato correcto,Dato correcto,Dato correcto,Dato correcto,Dato correcto,Dato correcto,Sin Registro,Dato correcto,Dato correcto,Dato correcto,Dato correcto,Dato correcto,Dato correcto,Dato correcto
Z674048,Dato irregular,Dato irregular,Dato irregular,Dato irregular,Dato irregular,Dato irregular,Dato irregular,Dato irregular,Dato irregular,Dato irregular,Dato irregular,Dato correcto,Dato correcto,Dato correcto,Dato correcto,Dato correcto,Dato correcto,Sin Registro,Dato correcto,Dato correcto,Dato correcto,Dato correcto,Dato correcto,Dato correcto,Dato correcto
Z674049,Sin Registro,Sin Registro,Sin Registro,Sin datos,Sin datos,Sin datos,Sin datos,Sin datos,Sin datos,Sin datos,Sin datos,Sin datos,Sin datos,Sin Registro,Sin Registro,Sin Registro,Sin Registro,Sin Registro,Sin Registro,Sin Registro,Sin Registro,Sin Registro,Sin Registro,Sin Registro,Sin Registro
Z674051,Dato correcto,Dato correcto,Sin Registro,Dato correcto,Dato correcto,Dato correcto,Dato correcto,Sin Registro,Dato correcto,Sin Registro,Sin Registro,Sin Registro,Sin Registro,Dato correcto,Sin Registro,Dato correcto,Dato correcto,Sin Registro,Sin Registro,Dato correcto,Sin Registro,Sin Registro,Dato correcto,Sin Registro,Sin Registro
Z674052,Dato correcto,Dato correcto,Dato correcto,Dato correcto,Dato correcto,Dato correcto,Dato correcto,Dato correcto,Dato correcto,Dato correcto,Dato correcto,Dato correcto,Dato correcto,Dato correcto,Dato correcto,Dato correcto,Dato correcto,Dato correcto,Dato correcto,Dato correcto,Dato correcto,Dato correcto,Dato correcto,Dato correcto,Dato correcto
Z674053,Sin Registro,Sin Registro,Sin Registro,Sin Registro,Sin Registro,Sin Registro,Sin Registro,Sin Registro,Sin Registro,Sin Registro,Sin Registro,Sin Registro,Sin Registro,Sin Registro,Sin Registro,Sin Registro,Sin Registro,Sin Registro,Sin Registro,Sin Registro,Sin Registro,Sin Registro,Sin Registro,Sin Registro,Dato correcto
Z674054,Dato correcto,Dato correcto,Dato correcto,Dato correcto,Dato correcto,Dato correcto,Dato correcto,Sin Registro,Sin Registro,Dato correcto,Sin Registro,Sin datos,Dato correcto,Sin Registro,Sin Registro,Sin Registro,Sin Registro,Sin Registro,Sin Registro,Sin Registro,Sin Registro,Dato correcto,Dato correcto,Dato correcto,Dato correcto
Z674055,Dato correcto,Dato correcto,Dato correcto,Dato correcto,Dato correcto,Dato irregular,Sin Registro,Sin Registro,Sin Registro,Dato correcto,Sin Registro,Sin Registro,Dato correcto,Dato correcto,Dato correcto,Dato correcto,Dato correcto,Sin Registro,Dato correcto,Dato correcto,Dato correcto,Dato correcto,Dato correcto,Dato correcto,Dato correcto
Z674056,Sin Registro,Sin Registro,Dato correcto,Dato correcto,Dato correcto,Dato correcto,Dato correcto,Dato correcto,Dato correcto,Dato correcto,Dato irregular,Sin Registro,Sin Registro,Sin Registro,Sin Registro,Sin Registro,Sin Registro,Dato correcto,Dato correcto,Dato correcto,Dato correcto,Dato correcto,Dato correcto,Dato correcto,Dato correcto
Z674057,Sin datos,Sin datos,Sin datos,Sin datos,Sin datos,Sin datos,Sin datos,Sin datos,Sin datos,Sin datos,Sin datos,Sin datos,Sin Registro,Sin Registro,Sin Registro,Sin Registro,Sin Registro,Sin Registro,Sin Registro,Sin Registro,Sin Registro,Sin Registro,Sin Registro,Sin Registro,Sin Registro
Z674059,Sin datos,Dato irregular,Dato irregular,Dato irregular,Dato irregular,Dato irregular,Dato irregular,Dato irregular,Dato irregular,Dato irregular,Dato irregular,Dato irregular,Sin datos,Sin datos,Sin datos,Sin datos,Sin datos,Sin Registro,Sin datos,Sin datos,Sin datos,Sin datos,Sin datos,Sin datos,Sin datos
Z674060,Dato correcto,Dato correcto,Dato correcto,Dato correcto,Dato correcto,Dato correcto,Dato correcto,Sin Registro,Sin Registro,Dato correcto,Dato correcto,Dato correcto,Dato correcto,Dato correcto,Dato correcto,Dato correcto,Dato correcto,Dato correcto,Dato correcto,Dato correcto,Dato correcto,Dato correcto,Dato correcto,Dato correcto,Dato correcto
Z674063,Sin Registro,Dato correcto,Dato correcto,Dato correcto,Dato correcto,Dato correcto,Dato correcto,Dato correcto,Dato correcto,Dato correcto,Dato correcto,Dato correcto,Dato correcto,Dato correcto,Dato correcto,Dato correcto,Dato correcto,Sin Registro,Dato correcto,Dato correcto,Dato correcto,Dato correcto,Dato correcto,Dato correcto,Dato correcto
Z674064,Sin Registro,Sin Registro,Sin Registro,Sin Registro,Sin Registro,Sin Registro,Sin Registro,Sin Registro,Sin Registro,Sin Registro,Dato correcto,Dato correcto,Dato correcto,Dato correcto,Dato correcto,Dato correcto,Dato correcto,Sin Registro,Dato correcto,Dato correcto,Dato correcto,Dato correcto,Dato correcto,Dato correcto,Dato correcto
Z674065,Dato correcto,Dato correcto,Dato correcto,Dato correcto,Dato correcto,Dato correcto,Dato correcto,Sin Registro,Sin Registro,Dato correcto,Dato correcto,Dato correcto,Dato correcto,Dato correcto,Dato correcto,Dato correcto,Dato correcto,Dato correcto,Dato correcto,Dato correcto,Dato correcto,Dato correcto,Dato correcto,Dato correcto,Dato correcto
Z674068,Dato correcto,Dato correcto,Dato correcto,Dato correcto,Dato correcto,Dato correcto,Dato correcto,Dato correcto,Sin datos,Dato correcto,Dato correcto,Dato correcto,Dato correcto,Dato correcto,Dato correcto,Dato correcto,Dato correcto,Dato correcto,Dato correcto,Dato correcto,Dato correcto,Dato correcto,Dato correcto,Dato correcto,Dato correcto
Z674070,Sin Registro,Sin Registro,Sin Registro,Sin Registro,Sin Registro,Sin Registro,Sin Registro,Sin Registro,Sin Registro,Dato correcto,Dato correcto,Dato correcto,Dato correcto,Dato correcto,Dato correcto,Dato correcto,Dato correcto,Dato correcto,Dato correcto,Dato correcto,Dato correcto,Dato correcto,Dato correcto,Dato correcto,Dato correcto
Z674072,Dato correcto,Dato correcto,Dato correcto,Dato correcto,Dato correcto,Dato correcto,Dato correcto,Dato correcto,Dato correcto,Dato correcto,Dato correcto,Dato correcto,Dato correcto,Dato correcto,Dato correcto,Dato correcto,Dato correcto,Sin Registro,Dato correcto,Dato correcto,Dato correcto,Dato correcto,Dato correcto,Dato correcto,Dato correcto
Z674073,Sin Registro,Dato correcto,Dato correcto,Dato correcto,Dato correcto,Dato correcto,Dato correcto,Dato correcto,Dato correcto,Dato correcto,Dato correcto,Dato correcto,Dato correcto,Dato correcto,Dato correcto,Dato correcto,Dato correcto,Dato correcto,Dato correcto,Dato correcto,Dato correcto,Dato correcto,Dato correcto,Dato correcto,Dato correcto
Z674075,Sin Registro,Sin Registro,Sin Registro,Sin Registro,Sin Registro,Sin Registro,Sin Registro,Sin Registro,Sin Registro,Sin Registro,Sin Registro,Sin Registro,Sin Registro,Sin Registro,Sin Registro,Dato correcto,Dato correcto,Dato correcto,Dato correcto,Dato correcto,Dato correcto,Dato correcto,Sin Registro,Sin Registro,Sin Registro
Z674077,Dato correcto,Dato correcto,Dato correcto,Dato correcto,Dato correcto,Dato correcto,Dato correcto,Dato correcto,Dato correcto,Dato correcto,Dato correcto,Dato correcto,Dato correcto,Dato correcto,Dato correcto,Dato correcto,Dato correcto,Dato correcto,Dato correcto,Dato correcto,Dato correcto,Dato correcto,Dato correcto,Dato correcto,Dato correcto
Z674079,Sin Registro,Sin datos,Sin datos,Sin datos,Sin datos,Sin datos,Sin datos,Sin datos,Sin Registro,Sin datos,Sin datos,Sin datos,Sin datos,Sin datos,Sin Registro,Sin Registro,Sin Registro,Sin Registro,Sin Registro,Sin Registro,Sin Registro,Sin Registro,Sin Registro,Sin Registro,Sin Registro
Z674080,Dato correcto,Dato correcto,Dato correcto,Dato correcto,Dato correcto,Dato correcto,Dato correcto,Dato correcto,Sin Registro,Dato correcto,Dato correcto,Dato correcto,Dato correcto,Dato correcto,Dato correcto,Dato correcto,Dato correcto,Dato correcto,Dato correcto,Dato correcto,Dato correcto,Dato correcto,Dato correcto,Dato correcto,Dato correcto
Z674081,Dato correcto,Dato correcto,Dato correcto,Dato correcto,Dato correcto,Dato correcto,Dato correcto,Dato correcto,Dato correcto,Dato correcto,Dato correcto,Dato correcto,Dato correcto,Dato correcto,Dato correcto,Dato correcto,Dato correcto,Dato correcto,Dato correcto,Dato correcto,Dato correcto,Dato correcto,Dato correcto,Dato correcto,Dato correcto
Z674082,Dato correcto,Dato correcto,Dato correcto,Dato correcto,Dato correcto,Dato correcto,Sin Registro,Dato correcto,Dato correcto,Dato correcto,Dato correcto,Dato correcto,Dato correcto,Dato correcto,Dato correcto,Dato correcto,Dato correcto,Dato correcto,Dato correcto,Dato correcto,Dato correcto,Dato correcto,Dato correcto,Dato correcto,Dato correcto
Z674083,Sin Registro,Dato correcto,Dato correcto,Dato correcto,Dato correcto,Sin Registro,Sin Registro,Sin Registro,Sin Registro,Dato correcto,Sin Registro,Sin Registro,Dato correcto,Dato correcto,Sin Registro,Dato correcto,Dato correcto,Sin Registro,Sin Registro,Dato correcto,Sin Registro,Dato correcto,Sin Registro,Sin Registro,Sin Registro
Z674084,Dato correcto,Dato correcto,Dato correcto,Dato correcto,Dato correcto,Dato correcto,Dato correcto,Sin Registro,Sin Registro,Dato correcto,Dato correcto,Dato correcto,Dato correcto,Dato correcto,Dato correcto,Dato correcto,Dato correcto,Dato correcto,Dato correcto,Dato correcto,Dato correcto,Dato correcto,Dato correcto,Dato correcto,Dato correcto
Z674085,Sin Registro,Dato correcto,Dato correcto,Dato correcto,Dato correcto,Dato correcto,Dato correcto,Dato correcto,Dato correcto,Dato correcto,Dato correcto,Dato correcto,Dato correcto,Sin Registro,Dato correcto,Dato correcto,Dato correcto,Dato correcto,Dato correcto,Dato correcto,Dato correcto,Dato correcto,Dato correcto,Dato correcto,Dato correcto
Z674086,Dato irregular,Sin datos,Dato irregular,Dato irregular,Dato correcto,Dato correcto,Dato correcto,Sin Registro,Sin Registro,Dato correcto,Dato correcto,Dato correcto,Dato correcto,Dato correcto,Dato correcto,Dato correcto,Dato correcto,Dato correcto,Dato correcto,Dato correcto,Dato correcto,Dato correcto,Dato correcto,Dato correcto,Dato correcto
Z674088,Sin Registro,Sin Registro,Sin Registro,Dato correcto,Dato correcto,Dato correcto,Dato correcto,Sin Registro,Dato correcto,Dato correcto,Dato correcto,Dato correcto,Dato correcto,Dato correcto,Dato correcto,Dato correcto,Dato correcto,Dato correcto,Dato correcto,Dato correcto,Dato correcto,Dato correcto,Dato correcto,Dato correcto,Dato correcto
Z674089,Sin datos,Sin datos,Sin datos,Sin datos,Sin datos,Sin Registro,Sin Registro,Sin Registro,Sin Registro,Sin Registro,Sin Registro,Sin Registro,Sin Registro,Sin Registro,Sin Registro,Sin Registro,Sin Registro,Sin Registro,Sin Registro,Sin Registro,Sin Registro,Sin Registro,Sin Registro,Sin Registro,Sin Registro
Z674090,Sin Registro,Sin Registro,Sin Registro,Sin Registro,Sin Registro,Sin Registro,Sin Registro,Sin Registro,Sin Registro,Sin Registro,Sin Registro,Sin Registro,Sin Registro,Dato correcto,Dato correcto,Dato correcto,Dato correcto,Dato correcto,Dato correcto,Dato correcto,Dato correcto,Dato correcto,Dato correcto,Dato correcto,Dato correcto
Z674095,Sin Registro,Sin Registro,Sin Registro,Sin Registro,Sin Registro,Sin Registro,Sin Registro,Sin Registro,Sin Registro,Sin Registro,Sin Registro,Sin Registro,Sin Registro,Sin Registro,Dato correcto,Sin Registro,Sin Registro,Sin Registro,Sin Registro,Sin Registro,Sin Registro,Sin Registro,Sin Registro,Sin Registro,Sin Registro
Z674097,Dato correcto,Dato correcto,Dato correcto,Dato correcto,Dato correcto,Dato correcto,Dato correcto,Dato correcto,Dato correcto,Dato correcto,Dato correcto,Dato correcto,Dato correcto,Dato correcto,Dato correcto,Dato correcto,Dato correcto,Sin Registro,Dato correcto,Dato correcto,Dato correcto,Dato correcto,Dato correcto,Dato correcto,Dato correcto
Z674098,Dato correcto,Dato correcto,Dato correcto,Dato correcto,Dato correcto,Dato correcto,Dato correcto,Dato correcto,Sin Registro,Dato correcto,Dato correcto,Dato correcto,Dato correcto,Dato correcto,Dato correcto,Dato correcto,Dato correcto,Dato correcto,Dato correcto,Dato correcto,Dato correcto,Dato correcto,Dato correcto,Dato correcto,Dato correcto
Z674099,Dato correcto,Dato correcto,Sin Registro,Sin Registro,Dato correcto,Dato correcto,Dato correcto,Dato correcto,Dato correcto,Dato correcto,Dato correcto,Dato correcto,Dato correcto,Dato correcto,Dato correcto,Dato correcto,Dato correcto,Dato correcto,Dato correcto,Sin Registro,Dato correcto,Dato correcto,Dato correcto,Dato correcto,Dato correcto
Z674101,Sin Registro,Sin Registro,Sin Registro,Sin Registro,Dato correcto,Dato correcto,Dato correcto,Dato correcto,Dato irregular,Dato correcto,Dato correcto,Dato correcto,Dato correcto,Dato correcto,Dato correcto,Dato correcto,Dato correcto,Dato correcto,Dato correcto,Dato correcto,Dato correcto,Dato correcto,Dato correcto,Dato correcto,Dato correcto
Z674102,Dato correcto,Dato correcto,Dato correcto,Dato correcto,Dato correcto,Dato correcto,Dato correcto,Sin Registro,Sin Registro,Dato correcto,Dato correcto,Dato correcto,Dato correcto,Dato correcto,Dato correcto,Dato correcto,Dato correcto,Dato correcto,Dato correcto,Dato correcto,Dato correcto,Dato correcto,Dato correcto,Dato correcto,Dato correcto
Z674104,Dato correcto,Dato correcto,Dato correcto,Dato correcto,Dato correcto,Dato correcto,Dato correcto,Sin Registro,Sin Registro,Dato correcto,Sin Registro,Dato correcto,Dato correcto,Dato correcto,Dato correcto,Dato correcto,Dato correcto,Dato correcto,Dato correcto,Dato correcto,Dato correcto,Dato correcto,Dato correcto,Dato correcto,Dato correcto
Z674106,Dato correcto,Dato correcto,Dato correcto,Dato correcto,Dato correcto,Dato correcto,Dato correcto,Dato correcto,Dato correcto,Dato correcto,Dato correcto,Dato correcto,Dato correcto,Dato correcto,Dato correcto,Dato correcto,Dato correcto,Sin Registro,Sin Registro,Sin Registro,Sin Registro,Sin Registro,Sin Registro,Sin Registro,Sin Registro
Z674107,Dato correcto,Dato correcto,Dato correcto,Dato correcto,Dato correcto,Dato correcto,Dato correcto,Dato correcto,Dato correcto,Dato correcto,Dato correcto,Dato correcto,Dato correcto,Dato correcto,Dato correcto,Dato correcto,Dato correcto,Sin Registro,Dato correcto,Dato correcto,Dato correcto,Dato correcto,Dato correcto,Dato correcto,Dato correcto
Z674109,Sin Registro,Sin Registro,Dato correcto,Dato correcto,Dato correcto,Dato correcto,Dato correcto,Sin Registro,Sin Registro,Dato correcto,Dato correcto,Dato correcto,Dato correcto,Dato correcto,Dato correcto,Dato correcto,Dato correcto,Dato correcto,Dato correcto,Dato correcto,Dato correcto,Dato correcto,Dato correcto,Dato correcto,Dato correcto
Z674110,Sin Registro,Sin Registro,Sin Registro,Sin Registro,Sin Registro,Sin Registro,Sin Registro,Sin Registro,Sin Registro,Sin Registro,Sin Registro,Sin Registro,Sin Registro,Sin Registro,Sin Registro,Sin Registro,Sin Registro,Dato correcto,Dato correcto,Dato correcto,Dato correcto,Dato correcto,Dato correcto,Dato correcto,Dato correcto
Z674111,Sin Registro,Sin Registro,Sin Registro,Sin Registro,Sin Registro,Dato correcto,Dato correcto,Sin Registro,Sin Registro,Dato correcto,Dato correcto,Dato correcto,Dato correcto,Dato correcto,Dato correcto,Dato correcto,Dato correcto,Dato correcto,Dato correcto,Dato correcto,Dato correcto,Dato correcto,Dato correcto,Dato correcto,Dato correcto
Z674114,Sin Registro,Sin Registro,Dato correcto,Dato correcto,Dato correcto,Sin Registro,Sin Registro,Sin Registro,Sin Registro,Sin Registro,Sin Registro,Sin Registro,Sin Registro,Sin Registro,Sin Registro,Sin Registro,Sin Registro,Sin Registro,Sin Registro,Sin Registro,Sin Registro,Sin Registro,Sin Registro,Sin Registro,Sin Registro
Z674115,Sin datos,Sin datos,Sin datos,Sin Registro,Sin datos,Sin datos,Sin datos,Sin datos,Sin datos,Sin datos,Sin datos,Sin datos,Sin Registro,Sin Registro,Sin Registro,Sin Registro,Sin Registro,Sin Registro,Sin Registro,Sin Registro,Sin Registro,Sin Registro,Sin Registro,Sin Registro,Sin Registro
Z674118,Sin Registro,Dato correcto,Dato correcto,Dato correcto,Dato correcto,Dato correcto,Dato correcto,Dato correcto,Dato correcto,Dato correcto,Dato correcto,Dato correcto,Dato correcto,Dato correcto,Dato correcto,Dato correcto,Dato correcto,Sin Registro,Dato correcto,Dato correcto,Dato correcto,Dato correcto,Dato correcto,Dato correcto,Dato correcto
Z674119,Dato irregular,Dato irregular,Dato irregular,Dato irregular,Dato irregular,Dato irregular,Dato irregular,Sin Registro,Sin datos,Dato irregular,Dato irregular,Dato irregular,Dato correcto,Dato correcto,Dato correcto,Dato correcto,Dato correcto,Dato correcto,Dato correcto,Dato correcto,Dato correcto,Dato correcto,Dato correcto,Dato correcto,Dato correcto
Z674121,Sin Registro,Sin Registro,Sin Registro,Sin Registro,Dato correcto,Dato correcto,Dato correcto,Sin Registro,Sin Registro,Dato correcto,Dato correcto,Dato correcto,Dato correcto,Dato correcto,Dato correcto,Dato correcto,Dato correcto,Dato correcto,Dato correcto,Dato correcto,Dato correcto,Dato correcto,Dato correcto,Dato correcto,Dato correcto
Z674122,Dato correcto,Dato correcto,Dato correcto,Dato correcto,Dato correcto,Dato correcto,Dato correcto,Dato correcto,Dato correcto,Dato correcto,Dato correcto,Sin Registro,Sin Registro,Sin Registro,Sin Registro,Sin Registro,Sin Registro,Sin Registro,Sin Registro,Sin Registro,Sin Registro,Sin Registro,Sin Registro,Sin Registro,Sin Registro
Z674125,Sin Registro,Sin Registro,Sin Registro,Sin Registro,Sin Registro,Sin Registro,Sin Registro,Sin Registro,Sin Registro,Sin Registro,Sin Registro,Dato correcto,Dato correcto,Dato correcto,Dato correcto,Dato correcto,Dato correcto,Dato correcto,Dato correcto,Dato correcto,Dato correcto,Dato correcto,Dato correcto,Dato correcto,Dato correcto
Z674126,Dato correcto,Dato correcto,Dato correcto,Dato correcto,Dato correcto,Dato correcto,Dato correcto,Sin Registro,Sin Registro,Dato correcto,Dato correcto,Dato correcto,Dato correcto,Dato correcto,Dato correcto,Dato correcto,Dato correcto,Dato correcto,Dato correcto,Dato correcto,Dato correcto,Dato correcto,Dato correcto,Dato correcto,Dato correcto
Z674129,Dato correcto,Dato correcto,Dato correcto,Dato correcto,Dato correcto,Dato correcto,Dato correcto,Dato correcto,Sin Registro,Dato correcto,Dato correcto,Dato correcto,Dato correcto,Dato correcto,Dato correcto,Dato correcto,Dato correcto,Dato correcto,Dato correcto,Dato correcto,Dato correcto,Dato correcto,Dato correcto,Dato correcto,Dato correcto
Z674130,Dato correcto,Dato correcto,Dato correcto,Dato correcto,Dato correcto,Dato correcto,Dato correcto,Dato correcto,Dato correcto,Dato correcto,Dato correcto,Dato correcto,Dato correcto,Dato correcto,Dato correcto,Dato correcto,Dato correcto,Sin Registro,Dato correcto,Dato correcto,Dato correcto,Dato correcto,Dato correcto,Dato correcto,Dato correcto
Z674131,Sin datos,Sin datos,Sin datos,Sin datos,Dato irregular,Dato irregular,Dato irregular,Dato correcto,Dato correcto,Dato irregular,Dato irregular,Dato irregular,Dato correcto,Dato correcto,Dato correcto,Dato correcto,Dato correcto,Sin Registro,Dato correcto,Dato correcto,Dato correcto,Dato correcto,Dato correcto,Dato correcto,Dato correcto
Z674133,Sin Registro,Sin Registro,Sin Registro,Sin Registro,Sin Registro,Sin Registro,Sin Registro,Dato correcto,Dato correcto,Dato correcto,Sin Registro,Sin Registro,Sin Registro,Sin Registro,Sin Registro,Sin Registro,Sin Registro,Sin Registro,Sin Registro,Sin Registro,Sin Registro,Dato correcto,Dato correcto,Dato correcto,Dato correcto
Z674134,Sin datos,Sin datos,Sin datos,Sin datos,Sin datos,Sin datos,Sin datos,Sin datos,Sin Registro,Sin datos,Sin datos,Sin Registro,Sin Registro,Sin Registro,Sin Registro,Sin Registro,Sin Registro,Sin Registro,Sin Registro,Sin Registro,Sin Registro,Sin Registro,Sin Registro,Sin Registro,Sin Registro
Z674135,Sin Registro,Sin Registro,Sin Registro,Sin Registro,Sin Registro,Sin Registro,Sin Registro,Sin Registro,Sin Registro,Sin Registro,Sin Registro,Dato correcto,Dato correcto,Dato correcto,Dato correcto,Dato correcto,Dato correcto,Dato correcto,Dato correcto,Dato correcto,Dato correcto,Dato correcto,Dato correcto,Dato correcto,Dato correcto
Z674138,Dato correcto,Dato correcto,Dato correcto,Dato correcto,Dato correcto,Dato correcto,Dato correcto,Dato correcto,Dato correcto,Dato correcto,Dato correcto,Dato correcto,Dato correcto,Sin Registro,Dato correcto,Dato correcto,Dato correcto,Dato correcto,Dato correcto,Dato correcto,Dato correcto,Dato correcto,Dato correcto,Dato correcto,Dato correcto
Z674139,Sin datos,Sin datos,Sin datos,Sin datos,Sin datos,Sin datos,Sin datos,Sin Registro,Sin datos,Sin datos,Sin datos,Sin datos,Sin datos,Sin datos,Sin datos,Sin datos,Sin datos,Sin datos,Sin datos,Sin datos,Sin datos,Sin datos,Sin datos,Sin datos,Sin datos
Z674140,Dato correcto,Dato correcto,Dato correcto,Dato correcto,Dato correcto,Dato correcto,Dato correcto,Dato correcto,Sin Registro,Dato correcto,Dato correcto,Dato correcto,Dato correcto,Dato correcto,Dato correcto,Dato correcto,Dato correcto,Dato correcto,Dato correcto,Dato correcto,Dato correcto,Dato correcto,Dato correcto,Dato correcto,Dato correcto
Z674142,Dato correcto,Dato correcto,Dato correcto,Dato correcto,Dato correcto,Dato correcto,Dato correcto,Dato correcto,Dato correcto,Dato correcto,Dato correcto,Dato irregular,Sin datos,Dato irregular,Dato irregular,Sin datos,Sin datos,Sin Registro,Dato irregular,Dato irregular,Dato irregular,Dato irregular,Dato irregular,Dato irregular,Sin datos
Z674143,Sin Registro,Sin Registro,Sin Registro,Sin Registro,Sin Registro,Dato correcto,Dato correcto,Dato correcto,Dato correcto,Dato correcto,Dato correcto,Dato correcto,Dato correcto,Dato correcto,Dato correcto,Dato correcto,Dato correcto,Dato correcto,Dato correcto,Dato correcto,Dato correcto,Dato correcto,Dato correcto,Dato correcto,Dato correcto
Z674144,Sin Registro,Sin Registro,Dato correcto,Dato correcto,Dato correcto,Dato correcto,Dato correcto,Sin Registro,Sin Registro,Dato correcto,Dato correcto,Sin Registro,Dato correcto,Dato correcto,Dato correcto,Dato correcto,Dato correcto,Dato correcto,Dato correcto,Dato correcto,Dato correcto,Dato correcto,Dato correcto,Dato correcto,Dato correcto
Z674146,Dato correcto,Dato correcto,Dato correcto,Dato correcto,Dato correcto,Dato correcto,Dato correcto,Dato correcto,Sin Registro,Dato correcto,Dato correcto,Dato correcto,Dato correcto,Sin Registro,Dato correcto,Dato correcto,Dato correcto,Dato correcto,Dato correcto,Dato correcto,Dato correcto,Dato correcto,Dato correcto,Dato correcto,Dato correcto
Z677001,Dato correcto,Dato correcto,Dato correcto,Dato correcto,Dato correcto,Dato correcto,Dato correcto,Sin Registro,Sin Registro,Dato correcto,Dato correcto,Dato correcto,Dato correcto,Dato correcto,Dato correcto,Dato correcto,Dato correcto,Dato correcto,Dato correcto,Dato correcto,Dato correcto,Dato correcto,Dato correcto,Dato correcto,Dato correcto
Z677002,Sin Registro,Sin datos,Sin Registro,Sin Registro,Sin Registro,Sin Registro,Sin Registro,Sin Registro,Sin Registro,Sin datos,Sin datos,Sin Registro,Sin Registro,Sin Registro,Sin Registro,Sin Registro,Sin Registro,Sin Registro,Sin Registro,Sin Registro,Sin Registro,Sin Registro,Sin Registro,Sin Registro,Sin Registro
Z677003,Dato correcto,Dato correcto,Dato correcto,Dato correcto,Dato correcto,Dato correcto,Dato correcto,Dato correcto,Dato correcto,Dato correcto,Dato correcto,Dato correcto,Dato correcto,Dato correcto,Dato correcto,Dato correcto,Dato correcto,Dato correcto,Dato correcto,Dato correcto,Dato correcto,Dato correcto,Dato correcto,Dato correcto,Dato correcto
Z677004,Sin Registro,Sin Registro,Sin Registro,Sin Registro,Sin Registro,Sin Registro,Sin Registro,Dato correcto,Dato correcto,Dato correcto,Dato correcto,Sin Registro,Dato correcto,Dato correcto,Dato correcto,Dato correcto,Dato correcto,Sin Registro,Sin Registro,Sin Registro,Sin Registro,Sin Registro,Sin Registro,Sin Registro,Sin Registro
Z677005,Dato correcto,Dato correcto,Dato correcto,Dato correcto,Dato correcto,Dato correcto,Dato correcto,Sin Registro,Sin Registro,Dato correcto,Dato correcto,Dato correcto,Dato correcto,Dato correcto,Dato correcto,Dato correcto,Dato correcto,Dato correcto,Dato correcto,Dato correcto,Dato correcto,Dato correcto,Dato correcto,Dato correcto,Dato correcto
Z677008,Sin datos,Sin datos,Sin datos,Sin datos,Sin datos,Sin datos,Sin datos,Sin Registro,Sin Registro,Sin datos,Sin datos,Sin datos,Sin datos,Sin datos,Sin Registro,Sin Registro,Sin Registro,Sin Registro,Sin Registro,Sin Registro,Sin Registro,Sin Registro,Sin Registro,Sin Registro,Sin Registro
Z677009,Sin Registro,Sin Registro,Sin Registro,Sin Registro,Sin Registro,Sin Registro,Sin Registro,Sin Registro,Sin Registro,Sin Registro,Sin Registro,Dato correcto,Dato correcto,Dato correcto,Dato correcto,Dato correcto,Dato correcto,Dato correcto,Dato correcto,Dato correcto,Dato correcto,Dato correcto,Dato correcto,Dato correcto,Dato correcto
Z677010,Sin Registro,Sin Registro,Sin Registro,Sin Registro,Sin Registro,Sin Registro,Sin Registro,Sin Registro,Sin Registro,Sin Registro,Sin Registro,Sin Registro,Sin Registro,Sin Registro,Sin Registro,Sin Registro,Sin Registro,Sin Registro,Sin Registro,Sin Registro,Dato correcto,Dato correcto,Dato correcto,Dato correcto,Dato correcto
Z677011,Dato correcto,Dato correcto,Dato correcto,Dato correcto,Dato correcto,Dato correcto,Dato correcto,Dato correcto,Dato correcto,Dato correcto,Dato correcto,Dato correcto,Dato correcto,Dato correcto,Dato correcto,Dato correcto,Dato correcto,Dato correcto,Dato correcto,Dato correcto,Dato correcto,Dato correcto,Dato correcto,Dato correcto,Dato correcto
Z677015,Sin Registro,Sin Registro,Sin Registro,Sin Registro,Sin Registro,Sin Registro,Sin Registro,Sin Registro,Sin Registro,Sin Registro,Sin Registro,Sin Registro,Sin Registro,Sin Registro,Sin Registro,Sin Registro,Sin Registro,Sin Registro,Sin datos,Sin Registro,Sin Registro,Sin Registro,Sin Registro,Sin Registro,Sin Registro
Z677016,Sin Registro,Sin Registro,Sin Registro,Sin Registro,Sin Registro,Sin Registro,Sin Registro,Sin Registro,Sin Registro,Sin Registro,Sin Registro,Sin Registro,Sin Registro,Sin Registro,Sin Registro,Sin Registro,Sin Registro,Sin datos,Sin Registro,Sin datos,Sin datos,Sin datos,Sin datos,Sin datos,Sin datos
Z677017,Sin Registro,Sin Registro,Sin Registro,Sin Registro,Sin Registro,Sin Registro,Sin Registro,Sin Registro,Sin Registro,Sin Registro,Sin Registro,Sin Registro,Sin Registro,Sin Registro,Sin Registro,Sin Registro,Dato irregular,Dato irregular,Sin Registro,Sin Registro,Sin Registro,Sin Registro,Sin Registro,Sin Registro,Sin Registro
Z677018,Sin Registro,Sin Registro,Sin Registro,Sin Registro,Sin Registro,Sin Registro,Sin Registro,Sin Registro,Sin Registro,Sin Registro,Sin Registro,Dato correcto,Dato correcto,Dato correcto,Dato correcto,Dato correcto,Dato correcto,Sin Registro,Dato correcto,Dato correcto,Dato correcto,Dato correcto,Dato correcto,Dato correcto,Dato correcto
Z677019,Sin Registro,Sin Registro,Sin Registro,Sin Registro,Sin Registro,Sin Registro,Sin Registro,Sin Registro,Sin Registro,Sin Registro,Sin datos,Sin Registro,Sin Registro,Sin Registro,Sin Registro,Sin Registro,Sin Registro,Sin Registro,Sin Registro,Sin Registro,Sin Registro,Sin Registro,Sin Registro,Sin Registro,Sin Registro
Z677020,Dato irregular,Dato irregular,Dato irregular,Dato irregular,Dato irregular,Sin Registro,Sin Registro,Sin Registro,Sin Registro,Sin Registro,Sin Registro,Sin Registro,Sin Registro,Sin Registro,Sin Registro,Sin Registro,Sin Registro,Sin Registro,Sin Registro,Sin Registro,Sin Registro,Sin Registro,Sin Registro,Sin Registro,Sin Registro
Z677021,Dato correcto,Dato correcto,Dato correcto,Dato correcto,Dato correcto,Dato correcto,Dato correcto,Sin Registro,Sin Registro,Dato correcto,Dato correcto,Dato correcto,Dato correcto,Dato correcto,Dato correcto,Dato correcto,Dato correcto,Dato correcto,Dato correcto,Dato correcto,Dato correcto,Dato correcto,Dato correcto,Dato correcto,Dato correcto
Z677023,Dato correcto,Dato correcto,Dato correcto,Dato correcto,Dato correcto,Dato correcto,Dato correcto,Sin Registro,Dato correcto,Dato correcto,Dato correcto,Dato correcto,Dato correcto,Dato correcto,Dato correcto,Dato correcto,Dato correcto,Dato correcto,Dato correcto,Dato correcto,Dato correcto,Dato correcto,Dato correcto,Dato correcto,Dato correcto
Z677024,Sin Registro,Sin Registro,Sin Registro,Sin Registro,Sin Registro,Sin Registro,Sin Registro,Sin Registro,Sin Registro,Sin Registro,Sin Registro,Sin Registro,Sin Registro,Sin Registro,Sin Registro,Sin datos,Sin Registro,Sin Registro,Sin Registro,Sin Registro,Sin Registro,Sin Registro,Sin Registro,Sin Registro,Sin Registro
Z677025,Dato correcto,Dato correcto,Dato correcto,Dato correcto,Dato correcto,Dato correcto,Dato correcto,Dato correcto,Sin Registro,Dato correcto,Dato correcto,Dato correcto,Dato correcto,Dato correcto,Dato correcto,Dato correcto,Dato correcto,Dato correcto,Dato correcto,Dato correcto,Dato correcto,Dato correcto,Dato correcto,Dato correcto,Dato correcto
Z677029,Sin Registro,Sin Registro,Sin Registro,Sin Registro,Sin Registro,Sin Registro,Sin Registro,Sin Registro,Sin Registro,Sin Registro,Sin Registro,Sin Registro,Sin Registro,Dato correcto,Sin Registro,Sin Registro,Sin Registro,Sin Registro,Sin Registro,Sin Registro,Sin Registro,Sin Registro,Dato correcto,Dato correcto,Dato correcto
Z677032,Sin Registro,Sin Registro,Sin Registro,Sin Registro,Sin Registro,Sin Registro,Sin Registro,Sin Registro,Sin Registro,Sin Registro,Sin Registro,Sin Registro,Sin Registro,Sin Registro,Sin Registro,Sin Registro,Sin Registro,Sin Registro,Sin Registro,Sin Registro,Sin Registro,Sin Registro,Sin Registro,Dato correcto,Dato correcto
Z677033,Sin Registro,Sin Registro,Dato correcto,Sin Registro,Sin Registro,Sin Registro,Sin Registro,Sin Registro,Sin Registro,Sin Registro,Sin Registro,Sin Registro,Sin Registro,Sin Registro,Sin Registro,Sin Registro,Sin Registro,Sin Registro,Sin Registro,Sin Registro,Sin Registro,Sin Registro,Sin Registro,Sin Registro,Sin Registro
Z677039,Dato irregular,Dato irregular,Dato irregular,Dato irregular,Dato irregular,Dato irregular,Dato irregular,Sin datos,Dato irregular,Dato irregular,Dato irregular,Dato irregular,Dato irregular,Dato irregular,Dato irregular,Dato irregular,Dato correcto,Sin Registro,Dato correcto,Dato correcto,Dato correcto,Dato correcto,Dato correcto,Dato correcto,Dato correcto
Z677040,Dato correcto,Dato correcto,Dato correcto,Dato correcto,Dato correcto,Dato correcto,Dato correcto,Dato correcto,Dato correcto,Dato correcto,Dato correcto,Dato correcto,Dato correcto,Dato correcto,Dato correcto,Dato correcto,Dato correcto,Sin Registro,Dato correcto,Dato correcto,Dato correcto,Dato correcto,Dato correcto,Dato correcto,Sin Registro
Z677041,Dato correcto,Dato correcto,Dato correcto,Dato correcto,Dato correcto,Dato correcto,Dato correcto,Dato correcto,Dato correcto,Dato correcto,Dato correcto,Dato correcto,Dato correcto,Dato correcto,Dato correcto,Dato correcto,Dato correcto,Sin Registro,Dato correcto,Dato correcto,Dato correcto,Dato correcto,Dato correcto,Dato correcto,Dato correcto
Z677042,Dato correcto,Dato correcto,Dato correcto,Dato correcto,Dato correcto,Dato correcto,Dato correcto,Sin Registro,Dato correcto,Dato correcto,Dato correcto,Dato correcto,Dato correcto,Dato correcto,Dato correcto,Dato correcto,Dato correcto,Dato correcto,Dato correcto,Sin Registro,Sin Registro,Dato correcto,Dato correcto,Dato correcto,Dato correcto
Z677043,Dato correcto,Dato correcto,Dato correcto,Dato correcto,Dato correcto,Dato correcto,Dato correcto,Dato correcto,Dato correcto,Dato correcto,Dato correcto,Dato correcto,Dato correcto,Dato correcto,Dato correcto,Dato correcto,Dato correcto,Dato correcto,Dato correcto,Dato correcto,Dato correcto,Dato correcto,Dato correcto,Dato correcto,Dato correcto
Z677046,Dato correcto,Dato correcto,Dato correcto,Dato correcto,Dato correcto,Dato correcto,Dato correcto,Sin Registro,Sin Registro,Dato correcto,Dato correcto,Dato correcto,Dato correcto,Dato correcto,Dato correcto,Dato correcto,Dato correcto,Dato correcto,Dato correcto,Dato correcto,Dato correcto,Dato correcto,Dato correcto,Dato correcto,Dato correcto
Z677052,Dato correcto,Dato correcto,Dato correcto,Dato correcto,Dato correcto,Dato correcto,Dato correcto,Sin Registro,Sin Registro,Dato correcto,Dato correcto,Dato correcto,Dato correcto,Dato correcto,Dato correcto,Dato correcto,Dato correcto,Dato correcto,Dato correcto,Dato correcto,Dato correcto,Dato correcto,Dato correcto,Dato correcto,Dato correcto
Z677053,Sin datos,Sin datos,Sin datos,Sin datos,Sin datos,Sin datos,Sin datos,Sin Registro,Sin Registro,Sin datos,Sin datos,Sin Registro,Sin Registro,Sin Registro,Sin Registro,Sin Registro,Sin Registro,Sin Registro,Sin Registro,Sin Registro,Sin Registro,Sin Registro,Sin Registro,Sin Registro,Sin Registro
Z677054,Sin Registro,Sin Registro,Sin Registro,Sin Registro,Sin Registro,Sin Registro,Sin Registro,Sin Registro,Sin Registro,Sin Registro,Sin Registro,Sin Registro,Sin Registro,Sin Registro,Sin Registro,Sin Registro,Sin Registro,Sin Registro,Sin Registro,Sin Registro,Sin Registro,Sin Registro,Dato correcto,Dato correcto,Dato correcto
Z677058,Dato correcto,Dato correcto,Dato correcto,Dato correcto,Dato correcto,Dato correcto,Dato correcto,Sin Registro,Sin Registro,Dato correcto,Dato correcto,Dato correcto,Dato correcto,Dato correcto,Dato correcto,Sin Registro,Sin Registro,Dato correcto,Dato correcto,Dato correcto,Dato correcto,Dato correcto,Dato correcto,Dato correcto,Dato correcto
Z677059,Dato irregular,Dato irregular,Sin datos,Dato irregular,Dato irregular,Dato irregular,Dato irregular,Sin datos,Sin datos,Dato irregular,Dato irregular,Dato irregular,Dato irregular,Dato irregular,Dato irregular,Dato irregular,Dato irregular,Dato irregular,Dato irregular,Dato irregular,Dato irregular,Dato irregular,Dato irregular,Dato irregular,Dato irregular
z677060,Dato correcto,Dato correcto,Dato correcto,Dato correcto,Dato correcto,Dato correcto,Dato correcto,Sin Registro,Sin Registro,Dato correcto,Dato correcto,Dato correcto,Dato correcto,Dato correcto,Dato correcto,Dato correcto,Dato correcto,Dato correcto,Dato correcto,Dato correcto,Dato correcto,Dato correcto,Dato correcto,Dato correcto,Dato correcto
Z677062,Sin Registro,Sin Registro,Sin Registro,Sin Registro,Sin Registro,Sin Registro,Sin Registro,Sin Registro,Sin Registro,Sin Registro,Sin Registro,Dato correcto,Dato correcto,Dato correcto,Dato correcto,Dato correcto,Dato correcto,Dato correcto,Dato correcto,Dato correcto,Dato correcto,Dato correcto,Dato correcto,Dato correcto,Dato correcto
Z677063,Dato irregular,Dato irregular,Dato irregular,Sin Registro,Dato irregular,Dato correcto,Dato correcto,Sin Registro,Sin Registro,Dato correcto,Dato correcto,Dato correcto,Dato correcto,Dato correcto,Dato correcto,Dato correcto,Dato correcto,Dato correcto,Dato correcto,Dato correcto,Dato correcto,Dato correcto,Dato correcto,Dato correcto,Dato correcto
Z677067,Dato correcto,Dato correcto,Dato correcto,Dato correcto,Dato correcto,Dato correcto,Dato correcto,Dato correcto,Dato correcto,Dato correcto,Dato correcto,Dato correcto,Dato correcto,Dato correcto,Dato correcto,Dato correcto,Dato correcto,Sin Registro,Sin Registro,Dato correcto,Dato correcto,Dato correcto,Dato correcto,Dato correcto,Dato correcto
Z6637048,Sin Registro,Sin Registro,Sin Registro,Sin datos,Sin Registro,Sin Registro,Sin Registro,Sin Registro,Sin Registro,Sin Registro,Sin Registro,Sin Registro,Sin Registro,Sin Registro,Sin Registro,Sin Registro,Sin Registro,Sin Registro,Sin Registro,Sin Registro,Sin Registro,Sin Registro,Sin Registro,Sin Registro,Sin Registro
